{
  "name": "117093_panorama_1st_half",
  "video_path": "/Users/erwinelgy/projects/player analysis/backend/data/pitch_calibration/117093_panorama_1st_half.mp4",
  "frame_index": 10147,
  "image_size": [
    4096,
    1080
  ],
  "image_corners": [
    [
      115.80113983154297,
      597.59033203125
    ],
    [
      3914.078369140625,
      544.6527099609375
    ],
    [
      1151.3941650390625,
      217.1011505126953
    ],
    [
      2895.028564453125,
      190.63232421875
    ]
  ],
  "image_boundary_points": [
    [
      115.80113844328608,
      597.5903499114452
    ],
    [
      449.9701379510545,
      471.8634818821502
    ],
    [
      995.8897906122603,
      273.347374467474
    ],
    [
      1151.394176521816,
      217.1011440333158
    ],
    [
      1641.06756193914,
      164.16351538940214
    ],
    [
      2445.0583231310975,
      157.54631180891292
    ],
    [
      2895.0284610821523,
      190.63232971135895
    ],
    [
      3126.630737968724,
      266.7301708869848
    ],
    [
      3391.319054410521,
      362.6796228040783
    ],
    [
      3914.07847938307,
      544.6527212675314
    ]
  ],
  "corner_labels": [
    "top_left",
    "top_right",
    "bottom_right",
    "bottom_left"
  ],
  "boundary_labels": [
    "Top left corner",
    "Top line (left)",
    "Top line (center)",
    "Top right corner",
    "Right side (upper)",
    "Right side (lower)",
    "Bottom right corner",
    "Bottom line (right)",
    "Bottom line (left)",
    "Bottom left corner"
  ],
  "pitch_length_m": 105.0,
  "pitch_width_m": 68.0,
  "homography": [
    [
      -0.02215095492967184,
      -0.15127492330969108,
      92.96553747785332
    ],
    [
      -0.0008536224147830951,
      -0.06124745414880929,
      36.699736909473344
    ],
    [
      -4.234035573359507e-05,
      -0.0028629229367385335,
      1.0
    ]
  ],
  "homography_inv": [
    [
      35.69775736841314,
      -93.58276012411106,
      115.80113983154297
    ],
    [
      -0.5704476336187445,
      -14.838209890757568,
      597.59033203125
    ],
    [
      -0.00012169186429834806,
      -0.04644298044187,
      1.0
    ]
  ]
}