{
  "name": "matchtest",
  "video_path": "/Users/erwinelgy/projects/player analysis/backend/data/pitch_calibration/matchtest.mp4",
  "frame_index": 1118,
  "image_size": [
    1280,
    720
  ],
  "image_corners": [
    [
      324.6526794433594,
      62.54442596435547
    ],
    [
      1079.41845703125,
      91.49434661865234
    ],
    [
      1079.41845703125,
      635.3392333984375
    ],
    [
      212.9886932373047,
      633.2714233398438
    ]
  ],
  "image_boundary_points": [
    [
      212.9886914378029,
      633.2714054927302
    ],
    [
      208.85298869143782,
      415.1130856219709
    ],
    [
      208.85298869143782,
      118.37641357027464
    ],
    [
      324.6526655896607,
      62.54442649434572
    ],
    [
      655.5088852988691,
      82.18901453957997
    ],
    [
      878.8368336025849,
      89.42649434571891
    ],
    [
      1079.4184168012923,
      91.49434571890146
    ],
    [
      1078.3844911147012,
      306.5508885298869
    ],
    [
      1079.4184168012923,
      461.6397415185784
    ],
    [
      1079.4184168012923,
      635.3392568659127
    ]
  ],
  "corner_labels": [
    "top_left",
    "top_right",
    "bottom_right",
    "bottom_left"
  ],
  "boundary_labels": [
    "Top left corner",
    "Top line (left)",
    "Top line (center)",
    "Top right corner",
    "Right side (upper)",
    "Right side (lower)",
    "Bottom right corner",
    "Bottom line (right)",
    "Bottom line (left)",
    "Bottom left corner"
  ],
  "pitch_length_m": 105.0,
  "pitch_width_m": 68.0,
  "homography": [
    [
      0.13044807630599767,
      0.02552245164539835,
      -43.9466045883384
    ],
    [
      -0.005164800213530479,
      0.1346537179083027,
      -6.74507326242874
    ],
    [
      -7.180712624119973e-05,
      0.00024307097730699403,
      1.0
    ]
  ],
  "homography_inv": [
    [
      7.701429368567806,
      -2.0457883289970678,
      324.6526794433594
    ],
    [
      0.3192123435559314,
      7.192824349311462,
      62.54442596435547
    ],
    [
      0.0004754262506804331,
      -0.0018952690405724332,
      1.0
    ]
  ]
}