{
  "name": "testmatch2",
  "video_path": "/Users/erwinelgy/projects/player analysis/backend/data/pitch_calibration/testmatch2.mp4",
  "frame_index": 100,
  "image_size": [
    1280,
    720
  ],
  "image_corners": [
    [
      128.0,
      144.0
    ],
    [
      1152.0,
      144.0
    ],
    [
      1216.0,
      684.0
    ],
    [
      64.0,
      684.0
    ]
  ],
  "image_boundary_points": [
    [
      128.0,
      144.0
    ],
    [
      640.0,
      122.4
    ],
    [
      1152.0,
      144.0
    ],
    [
      1216.0,
      684.0
    ],
    [
      896.0,
      698.4
    ],
    [
      64.0,
      684.0
    ]
  ],
  "corner_labels": [
    "top_left",
    "top_right",
    "bottom_right",
    "bottom_left"
  ],
  "boundary_labels": [
    "Top left corner",
    "Top line (left)",
    "Top line (center)",
    "Top right corner",
    "Right side (upper)",
    "Right side (lower)",
    "Bottom right corner",
    "Bottom line (right)",
    "Bottom line (left)",
    "Bottom left corner"
  ],
  "pitch_length_m": 105.0,
  "pitch_width_m": 68.0,
  "homography": [
    [
      0.10607489224137931,
      0.012571839080459769,
      -15.387931034482758
    ],
    [
      -1.1702250553813939e-17,
      0.14655172413793105,
      -21.103448275862068
    ],
    [
      -1.145535223036296e-19,
      0.00023946360153256723,
      1.0
    ]
  ],
  "homography_inv": [
    [
      9.752380952380953,
      -1.0457516339869282,
      128.0
    ],
    [
      0.0,
      6.823529411764706,
      144.0
    ],
    [
      0.0,
      -0.0016339869281045752,
      1.0
    ]
  ],
  "mode": "outline",
  "confidence": 1.0,
  "coverage_pct": 1.0
}